single_city_column_1,single_city_column_2,single_city_column_3,single_city_column_4,single_city_column_5,single_city_column_6,single_city_column_7,single_city_column_8,single_city_column_9,single_city_column_10
0.09248,0.096684,0.070061,0.065857,0.078468,0.071462,0.05418,0.044372,0.054647,0.050911
0.096684,0.070061,0.065857,0.078468,0.071462,0.05418,0.044372,0.054647,0.050911,0.042971
0.070061,0.065857,0.078468,0.071462,0.05418,0.044372,0.054647,0.050911,0.042971,0.050911
0.065857,0.078468,0.071462,0.05418,0.044372,0.054647,0.050911,0.042971,0.050911,0.047641
0.078468,0.071462,0.05418,0.044372,0.054647,0.050911,0.042971,0.050911,0.047641,0.044839
0.071462,0.05418,0.044372,0.054647,0.050911,0.042971,0.050911,0.047641,0.044839,0.059785
0.05418,0.044372,0.054647,0.050911,0.042971,0.050911,0.047641,0.044839,0.059785,0.062588
0.044372,0.054647,0.050911,0.042971,0.050911,0.047641,0.044839,0.059785,0.062588,0.063989
0.054647,0.050911,0.042971,0.050911,0.047641,0.044839,0.059785,0.062588,0.063989,0.088277
0.050911,0.042971,0.050911,0.047641,0.044839,0.059785,0.062588,0.063989,0.088277,0.1135
0.042971,0.050911,0.047641,0.044839,0.059785,0.062588,0.063989,0.088277,0.1135,0.12284
0.050911,0.047641,0.044839,0.059785,0.062588,0.063989,0.088277,0.1135,0.12284,0.12518
0.047641,0.044839,0.059785,0.062588,0.063989,0.088277,0.1135,0.12284,0.12518,0.13825
0.044839,0.059785,0.062588,0.063989,0.088277,0.1135,0.12284,0.12518,0.13825,0.16114
0.059785,0.062588,0.063989,0.088277,0.1135,0.12284,0.12518,0.13825,0.16114,0.15507
0.062588,0.063989,0.088277,0.1135,0.12284,0.12518,0.13825,0.16114,0.15507,0.16861
0.063989,0.088277,0.1135,0.12284,0.12518,0.13825,0.16114,0.15507,0.16861,0.14806
0.088277,0.1135,0.12284,0.12518,0.13825,0.16114,0.15507,0.16861,0.14806,0.19383
0.1135,0.12284,0.12518,0.13825,0.16114,0.15507,0.16861,0.14806,0.19383,0.15413
0.12284,0.12518,0.13825,0.16114,0.15507,0.16861,0.14806,0.19383,0.15413,0.13125
0.12518,0.13825,0.16114,0.15507,0.16861,0.14806,0.19383,0.15413,0.13125,0.18309
0.13825,0.16114,0.15507,0.16861,0.14806,0.19383,0.15413,0.13125,0.18309,0.156
0.16114,0.15507,0.16861,0.14806,0.19383,0.15413,0.13125,0.18309,0.156,0.1546
0.15507,0.16861,0.14806,0.19383,0.15413,0.13125,0.18309,0.156,0.1546,0.16815
0.16861,0.14806,0.19383,0.15413,0.13125,0.18309,0.156,0.1546,0.16815,0.16161
0.14806,0.19383,0.15413,0.13125,0.18309,0.156,0.1546,0.16815,0.16161,0.19524
0.19383,0.15413,0.13125,0.18309,0.156,0.1546,0.16815,0.16161,0.19524,0.19337
0.15413,0.13125,0.18309,0.156,0.1546,0.16815,0.16161,0.19524,0.19337,0.22046
0.13125,0.18309,0.156,0.1546,0.16815,0.16161,0.19524,0.19337,0.22046,0.24615
0.18309,0.156,0.1546,0.16815,0.16161,0.19524,0.19337,0.22046,0.24615,0.26063
0.156,0.1546,0.16815,0.16161,0.19524,0.19337,0.22046,0.24615,0.26063,0.24054
0.1546,0.16815,0.16161,0.19524,0.19337,0.22046,0.24615,0.26063,0.24054,0.27557
0.16815,0.16161,0.19524,0.19337,0.22046,0.24615,0.26063,0.24054,0.27557,0.25222
0.16161,0.19524,0.19337,0.22046,0.24615,0.26063,0.24054,0.27557,0.25222,0.2667
0.19524,0.19337,0.22046,0.24615,0.26063,0.24054,0.27557,0.25222,0.2667,0.28538
0.19337,0.22046,0.24615,0.26063,0.24054,0.27557,0.25222,0.2667,0.28538,0.30266
0.22046,0.24615,0.26063,0.24054,0.27557,0.25222,0.2667,0.28538,0.30266,0.30266
0.24615,0.26063,0.24054,0.27557,0.25222,0.2667,0.28538,0.30266,0.30266,0.30079
0.26063,0.24054,0.27557,0.25222,0.2667,0.28538,0.30266,0.30266,0.30079,0.31154
0.24054,0.27557,0.25222,0.2667,0.28538,0.30266,0.30266,0.30079,0.31154,0.28538
0.27557,0.25222,0.2667,0.28538,0.30266,0.30266,0.30079,0.31154,0.28538,0.29706
0.25222,0.2667,0.28538,0.30266,0.30266,0.30079,0.31154,0.28538,0.29706,0.33582
0.2667,0.28538,0.30266,0.30266,0.30079,0.31154,0.28538,0.29706,0.33582,0.31154
0.28538,0.30266,0.30266,0.30079,0.31154,0.28538,0.29706,0.33582,0.31154,0.32181
0.30266,0.30266,0.30079,0.31154,0.28538,0.29706,0.33582,0.31154,0.32181,0.29752
0.30266,0.30079,0.31154,0.28538,0.29706,0.33582,0.31154,0.32181,0.29752,0.29752
0.30079,0.31154,0.28538,0.29706,0.33582,0.31154,0.32181,0.29752,0.29752,0.32135
0.31154,0.28538,0.29706,0.33582,0.31154,0.32181,0.29752,0.29752,0.32135,0.35077
0.28538,0.29706,0.33582,0.31154,0.32181,0.29752,0.29752,0.32135,0.35077,0.33209
0.29706,0.33582,0.31154,0.32181,0.29752,0.29752,0.32135,0.35077,0.33209,0.33022
0.33582,0.31154,0.32181,0.29752,0.29752,0.32135,0.35077,0.33209,0.33022,0.31574
0.31154,0.32181,0.29752,0.29752,0.32135,0.35077,0.33209,0.33022,0.31574,0.3022
0.32181,0.29752,0.29752,0.32135,0.35077,0.33209,0.33022,0.31574,0.3022,0.34003
0.29752,0.29752,0.32135,0.35077,0.33209,0.33022,0.31574,0.3022,0.34003,0.312
0.29752,0.32135,0.35077,0.33209,0.33022,0.31574,0.3022,0.34003,0.312,0.31761
0.32135,0.35077,0.33209,0.33022,0.31574,0.3022,0.34003,0.312,0.31761,0.29519
0.35077,0.33209,0.33022,0.31574,0.3022,0.34003,0.312,0.31761,0.29519,0.30827
0.33209,0.33022,0.31574,0.3022,0.34003,0.312,0.31761,0.29519,0.30827,0.31621
0.33022,0.31574,0.3022,0.34003,0.312,0.31761,0.29519,0.30827,0.31621,0.30873
0.31574,0.3022,0.34003,0.312,0.31761,0.29519,0.30827,0.31621,0.30873,0.28865
0.3022,0.34003,0.312,0.31761,0.29519,0.30827,0.31621,0.30873,0.28865,0.28912
0.34003,0.312,0.31761,0.29519,0.30827,0.31621,0.30873,0.28865,0.28912,0.29752
0.312,0.31761,0.29519,0.30827,0.31621,0.30873,0.28865,0.28912,0.29752,0.32088
0.31761,0.29519,0.30827,0.31621,0.30873,0.28865,0.28912,0.29752,0.32088,0.28958
0.29519,0.30827,0.31621,0.30873,0.28865,0.28912,0.29752,0.32088,0.28958,0.29145
0.30827,0.31621,0.30873,0.28865,0.28912,0.29752,0.32088,0.28958,0.29145,0.30079
0.31621,0.30873,0.28865,0.28912,0.29752,0.32088,0.28958,0.29145,0.30079,0.27931
0.30873,0.28865,0.28912,0.29752,0.32088,0.28958,0.29145,0.30079,0.27931,0.26436
0.28865,0.28912,0.29752,0.32088,0.28958,0.29145,0.30079,0.27931,0.26436,0.26576
0.28912,0.29752,0.32088,0.28958,0.29145,0.30079,0.27931,0.26436,0.26576,0.2695
0.29752,0.32088,0.28958,0.29145,0.30079,0.27931,0.26436,0.26576,0.2695,0.26203
0.32088,0.28958,0.29145,0.30079,0.27931,0.26436,0.26576,0.2695,0.26203,0.23961
0.28958,0.29145,0.30079,0.27931,0.26436,0.26576,0.2695,0.26203,0.23961,0.24615
0.29145,0.30079,0.27931,0.26436,0.26576,0.2695,0.26203,0.23961,0.24615,0.23027
0.30079,0.27931,0.26436,0.26576,0.2695,0.26203,0.23961,0.24615,0.23027,0.21812
0.27931,0.26436,0.26576,0.2695,0.26203,0.23961,0.24615,0.23027,0.21812,0.16908
0.26436,0.26576,0.2695,0.26203,0.23961,0.24615,0.23027,0.21812,0.16908,0.18216
0.26576,0.2695,0.26203,0.23961,0.24615,0.23027,0.21812,0.16908,0.18216,0.19851
0.2695,0.26203,0.23961,0.24615,0.23027,0.21812,0.16908,0.18216,0.19851,0.1873
0.26203,0.23961,0.24615,0.23027,0.21812,0.16908,0.18216,0.19851,0.1873,0.17702
0.23961,0.24615,0.23027,0.21812,0.16908,0.18216,0.19851,0.1873,0.17702,0.15974
0.24615,0.23027,0.21812,0.16908,0.18216,0.19851,0.1873,0.17702,0.15974,0.14713
0.23027,0.21812,0.16908,0.18216,0.19851,0.1873,0.17702,0.15974,0.14713,0.13638
0.21812,0.16908,0.18216,0.19851,0.1873,0.17702,0.15974,0.14713,0.13638,0.097618
0.16908,0.18216,0.19851,0.1873,0.17702,0.15974,0.14713,0.13638,0.097618,0.10743
0.18216,0.19851,0.1873,0.17702,0.15974,0.14713,0.13638,0.097618,0.10743,0.085007
0.19851,0.1873,0.17702,0.15974,0.14713,0.13638,0.097618,0.10743,0.085007,0.084073
0.1873,0.17702,0.15974,0.14713,0.13638,0.097618,0.10743,0.085007,0.084073,0.054647
0.17702,0.15974,0.14713,0.13638,0.097618,0.10743,0.085007,0.084073,0.054647,0.068192
0.15974,0.14713,0.13638,0.097618,0.10743,0.085007,0.084073,0.054647,0.068192,0.042971
0.14713,0.13638,0.097618,0.10743,0.085007,0.084073,0.054647,0.068192,0.042971,0.042971
0.13638,0.097618,0.10743,0.085007,0.084073,0.054647,0.068192,0.042971,0.042971,0.033162
0.097618,0.10743,0.085007,0.084073,0.054647,0.068192,0.042971,0.042971,0.033162,0.038767
0.10743,0.085007,0.084073,0.054647,0.068192,0.042971,0.042971,0.033162,0.038767,0.036432
0.085007,0.084073,0.054647,0.068192,0.042971,0.042971,0.033162,0.038767,0.036432,0.047174
0.084073,0.054647,0.068192,0.042971,0.042971,0.033162,0.038767,0.036432,0.047174,0.024755
0.054647,0.068192,0.042971,0.042971,0.033162,0.038767,0.036432,0.047174,0.024755,0.036899
0.068192,0.042971,0.042971,0.033162,0.038767,0.036432,0.047174,0.024755,0.036899,0.041569
0.042971,0.042971,0.033162,0.038767,0.036432,0.047174,0.024755,0.036899,0.041569,0.039701
0.042971,0.033162,0.038767,0.036432,0.047174,0.024755,0.036899,0.041569,0.039701,0.046707
0.033162,0.038767,0.036432,0.047174,0.024755,0.036899,0.041569,0.039701,0.046707,0.064923
0.038767,0.036432,0.047174,0.024755,0.036899,0.041569,0.039701,0.046707,0.064923,0.082672
0.036432,0.047174,0.024755,0.036899,0.041569,0.039701,0.046707,0.064923,0.082672,0.092947
0.047174,0.024755,0.036899,0.041569,0.039701,0.046707,0.064923,0.082672,0.092947,0.11537
0.024755,0.036899,0.041569,0.039701,0.046707,0.064923,0.082672,0.092947,0.11537,0.17795
0.036899,0.041569,0.039701,0.046707,0.064923,0.082672,0.092947,0.11537,0.17795,0.24334
0.041569,0.039701,0.046707,0.064923,0.082672,0.092947,0.11537,0.17795,0.24334,0.27837
0.039701,0.046707,0.064923,0.082672,0.092947,0.11537,0.17795,0.24334,0.27837,0.32135
0.046707,0.064923,0.082672,0.092947,0.11537,0.17795,0.24334,0.27837,0.32135,0.41289
0.064923,0.082672,0.092947,0.11537,0.17795,0.24334,0.27837,0.32135,0.41289,0.43531
0.082672,0.092947,0.11537,0.17795,0.24334,0.27837,0.32135,0.41289,0.43531,0.45119
0.092947,0.11537,0.17795,0.24334,0.27837,0.32135,0.41289,0.43531,0.45119,0.43438
0.11537,0.17795,0.24334,0.27837,0.32135,0.41289,0.43531,0.45119,0.43438,0.36198
0.17795,0.24334,0.27837,0.32135,0.41289,0.43531,0.45119,0.43438,0.36198,0.37506
0.24334,0.27837,0.32135,0.41289,0.43531,0.45119,0.43438,0.36198,0.37506,0.36011
0.27837,0.32135,0.41289,0.43531,0.45119,0.43438,0.36198,0.37506,0.36011,0.33069
0.32135,0.41289,0.43531,0.45119,0.43438,0.36198,0.37506,0.36011,0.33069,0.35684
0.41289,0.43531,0.45119,0.43438,0.36198,0.37506,0.36011,0.33069,0.35684,0.33536
0.43531,0.45119,0.43438,0.36198,0.37506,0.36011,0.33069,0.35684,0.33536,0.33909
0.45119,0.43438,0.36198,0.37506,0.36011,0.33069,0.35684,0.33536,0.33909,0.35778
0.43438,0.36198,0.37506,0.36011,0.33069,0.35684,0.33536,0.33909,0.35778,0.34143
0.36198,0.37506,0.36011,0.33069,0.35684,0.33536,0.33909,0.35778,0.34143,0.32648
0.37506,0.36011,0.33069,0.35684,0.33536,0.33909,0.35778,0.34143,0.32648,0.34236
0.36011,0.33069,0.35684,0.33536,0.33909,0.35778,0.34143,0.32648,0.34236,0.33816
0.33069,0.35684,0.33536,0.33909,0.35778,0.34143,0.32648,0.34236,0.33816,0.33302
0.35684,0.33536,0.33909,0.35778,0.34143,0.32648,0.34236,0.33816,0.33302,0.36245
0.33536,0.33909,0.35778,0.34143,0.32648,0.34236,0.33816,0.33302,0.36245,0.37132
0.33909,0.35778,0.34143,0.32648,0.34236,0.33816,0.33302,0.36245,0.37132,0.36011
0.35778,0.34143,0.32648,0.34236,0.33816,0.33302,0.36245,0.37132,0.36011,0.35451
0.34143,0.32648,0.34236,0.33816,0.33302,0.36245,0.37132,0.36011,0.35451,0.34376
0.32648,0.34236,0.33816,0.33302,0.36245,0.37132,0.36011,0.35451,0.34376,0.32275
0.34236,0.33816,0.33302,0.36245,0.37132,0.36011,0.35451,0.34376,0.32275,0.33723
0.33816,0.33302,0.36245,0.37132,0.36011,0.35451,0.34376,0.32275,0.33723,0.30173
0.33302,0.36245,0.37132,0.36011,0.35451,0.34376,0.32275,0.33723,0.30173,0.31527
0.36245,0.37132,0.36011,0.35451,0.34376,0.32275,0.33723,0.30173,0.31527,0.33162
0.37132,0.36011,0.35451,0.34376,0.32275,0.33723,0.30173,0.31527,0.33162,0.31854
0.36011,0.35451,0.34376,0.32275,0.33723,0.30173,0.31527,0.33162,0.31854,0.31667
0.35451,0.34376,0.32275,0.33723,0.30173,0.31527,0.33162,0.31854,0.31667,0.29939
0.34376,0.32275,0.33723,0.30173,0.31527,0.33162,0.31854,0.31667,0.29939,0.31854
0.32275,0.33723,0.30173,0.31527,0.33162,0.31854,0.31667,0.29939,0.31854,0.33022
0.33723,0.30173,0.31527,0.33162,0.31854,0.31667,0.29939,0.31854,0.33022,0.35077
0.30173,0.31527,0.33162,0.31854,0.31667,0.29939,0.31854,0.33022,0.35077,0.34003
0.31527,0.33162,0.31854,0.31667,0.29939,0.31854,0.33022,0.35077,0.34003,0.31154
0.33162,0.31854,0.31667,0.29939,0.31854,0.33022,0.35077,0.34003,0.31154,0.28865
0.31854,0.31667,0.29939,0.31854,0.33022,0.35077,0.34003,0.31154,0.28865,0.29659
0.31667,0.29939,0.31854,0.33022,0.35077,0.34003,0.31154,0.28865,0.29659,0.31434
0.29939,0.31854,0.33022,0.35077,0.34003,0.31154,0.28865,0.29659,0.31434,0.32742
0.31854,0.33022,0.35077,0.34003,0.31154,0.28865,0.29659,0.31434,0.32742,0.3078
0.33022,0.35077,0.34003,0.31154,0.28865,0.29659,0.31434,0.32742,0.3078,0.32321
0.35077,0.34003,0.31154,0.28865,0.29659,0.31434,0.32742,0.3078,0.32321,0.33489
0.34003,0.31154,0.28865,0.29659,0.31434,0.32742,0.3078,0.32321,0.33489,0.3461
0.31154,0.28865,0.29659,0.31434,0.32742,0.3078,0.32321,0.33489,0.3461,0.31808
0.28865,0.29659,0.31434,0.32742,0.3078,0.32321,0.33489,0.3461,0.31808,0.37085
0.29659,0.31434,0.32742,0.3078,0.32321,0.33489,0.3461,0.31808,0.37085,0.3433
0.31434,0.32742,0.3078,0.32321,0.33489,0.3461,0.31808,0.37085,0.3433,0.37132
0.32742,0.3078,0.32321,0.33489,0.3461,0.31808,0.37085,0.3433,0.37132,0.40028
0.3078,0.32321,0.33489,0.3461,0.31808,0.37085,0.3433,0.37132,0.40028,0.37132
0.32321,0.33489,0.3461,0.31808,0.37085,0.3433,0.37132,0.40028,0.37132,0.33489
0.33489,0.3461,0.31808,0.37085,0.3433,0.37132,0.40028,0.37132,0.33489,0.33816
0.3461,0.31808,0.37085,0.3433,0.37132,0.40028,0.37132,0.33489,0.33816,0.32321
0.31808,0.37085,0.3433,0.37132,0.40028,0.37132,0.33489,0.33816,0.32321,0.31574
0.37085,0.3433,0.37132,0.40028,0.37132,0.33489,0.33816,0.32321,0.31574,0.30687
0.3433,0.37132,0.40028,0.37132,0.33489,0.33816,0.32321,0.31574,0.30687,0.27043
0.37132,0.40028,0.37132,0.33489,0.33816,0.32321,0.31574,0.30687,0.27043,0.23821
0.40028,0.37132,0.33489,0.33816,0.32321,0.31574,0.30687,0.27043,0.23821,0.23447
0.37132,0.33489,0.33816,0.32321,0.31574,0.30687,0.27043,0.23821,0.23447,0.20364
0.33489,0.33816,0.32321,0.31574,0.30687,0.27043,0.23821,0.23447,0.20364,0.19897
0.33816,0.32321,0.31574,0.30687,0.27043,0.23821,0.23447,0.20364,0.19897,0.17795
0.32321,0.31574,0.30687,0.27043,0.23821,0.23447,0.20364,0.19897,0.17795,0.16301
0.31574,0.30687,0.27043,0.23821,0.23447,0.20364,0.19897,0.17795,0.16301,0.16534
0.30687,0.27043,0.23821,0.23447,0.20364,0.19897,0.17795,0.16301,0.16534,0.17468
0.27043,0.23821,0.23447,0.20364,0.19897,0.17795,0.16301,0.16534,0.17468,0.16021
0.23821,0.23447,0.20364,0.19897,0.17795,0.16301,0.16534,0.17468,0.16021,0.16861
0.23447,0.20364,0.19897,0.17795,0.16301,0.16534,0.17468,0.16021,0.16861,0.1901
0.20364,0.19897,0.17795,0.16301,0.16534,0.17468,0.16021,0.16861,0.1901,0.16441
0.19897,0.17795,0.16301,0.16534,0.17468,0.16021,0.16861,0.1901,0.16441,0.14526
0.17795,0.16301,0.16534,0.17468,0.16021,0.16861,0.1901,0.16441,0.14526,0.13265
0.16301,0.16534,0.17468,0.16021,0.16861,0.1901,0.16441,0.14526,0.13265,0.13498
0.16534,0.17468,0.16021,0.16861,0.1901,0.16441,0.14526,0.13265,0.13498,0.10416
0.17468,0.16021,0.16861,0.1901,0.16441,0.14526,0.13265,0.13498,0.10416,0.08454
0.16021,0.16861,0.1901,0.16441,0.14526,0.13265,0.13498,0.10416,0.08454,0.08127
0.16861,0.1901,0.16441,0.14526,0.13265,0.13498,0.10416,0.08454,0.08127,0.075199
0.1901,0.16441,0.14526,0.13265,0.13498,0.10416,0.08454,0.08127,0.075199,0.068192
0.16441,0.14526,0.13265,0.13498,0.10416,0.08454,0.08127,0.075199,0.068192,0.045773
0.14526,0.13265,0.13498,0.10416,0.08454,0.08127,0.075199,0.068192,0.045773,0.050911
0.13265,0.13498,0.10416,0.08454,0.08127,0.075199,0.068192,0.045773,0.050911,0.041102
0.13498,0.10416,0.08454,0.08127,0.075199,0.068192,0.045773,0.050911,0.041102,0.03503
0.10416,0.08454,0.08127,0.075199,0.068192,0.045773,0.050911,0.041102,0.03503,0.039234
0.08454,0.08127,0.075199,0.068192,0.045773,0.050911,0.041102,0.03503,0.039234,0.036432
0.08127,0.075199,0.068192,0.045773,0.050911,0.041102,0.03503,0.039234,0.036432,0.028491
0.075199,0.068192,0.045773,0.050911,0.041102,0.03503,0.039234,0.036432,0.028491,0.017749
0.068192,0.045773,0.050911,0.041102,0.03503,0.039234,0.036432,0.028491,0.017749,0.037833
0.045773,0.050911,0.041102,0.03503,0.039234,0.036432,0.028491,0.017749,0.037833,0.031761
0.050911,0.041102,0.03503,0.039234,0.036432,0.028491,0.017749,0.037833,0.031761,0.035497
0.041102,0.03503,0.039234,0.036432,0.028491,0.017749,0.037833,0.031761,0.035497,0.031761
0.03503,0.039234,0.036432,0.028491,0.017749,0.037833,0.031761,0.035497,0.031761,0.050444
0.039234,0.036432,0.028491,0.017749,0.037833,0.031761,0.035497,0.031761,0.050444,0.052312
0.036432,0.028491,0.017749,0.037833,0.031761,0.035497,0.031761,0.050444,0.052312,0.078001
0.028491,0.017749,0.037833,0.031761,0.035497,0.031761,0.050444,0.052312,0.078001,0.10509
0.017749,0.037833,0.031761,0.035497,0.031761,0.050444,0.052312,0.078001,0.10509,0.1205
0.037833,0.031761,0.035497,0.031761,0.050444,0.052312,0.078001,0.10509,0.1205,0.16815
0.031761,0.035497,0.031761,0.050444,0.052312,0.078001,0.10509,0.1205,0.16815,0.21952
0.035497,0.031761,0.050444,0.052312,0.078001,0.10509,0.1205,0.16815,0.21952,0.24148
0.031761,0.050444,0.052312,0.078001,0.10509,0.1205,0.16815,0.21952,0.24148,0.27837
0.050444,0.052312,0.078001,0.10509,0.1205,0.16815,0.21952,0.24148,0.27837,0.4199
0.052312,0.078001,0.10509,0.1205,0.16815,0.21952,0.24148,0.27837,0.4199,0.42784
0.078001,0.10509,0.1205,0.16815,0.21952,0.24148,0.27837,0.4199,0.42784,0.47314
0.10509,0.1205,0.16815,0.21952,0.24148,0.27837,0.4199,0.42784,0.47314,0.43157
0.1205,0.16815,0.21952,0.24148,0.27837,0.4199,0.42784,0.47314,0.43157,0.41429
0.16815,0.21952,0.24148,0.27837,0.4199,0.42784,0.47314,0.43157,0.41429,0.39888
0.21952,0.24148,0.27837,0.4199,0.42784,0.47314,0.43157,0.41429,0.39888,0.3503
0.24148,0.27837,0.4199,0.42784,0.47314,0.43157,0.41429,0.39888,0.3503,0.28024
0.27837,0.4199,0.42784,0.47314,0.43157,0.41429,0.39888,0.3503,0.28024,0.38393
0.4199,0.42784,0.47314,0.43157,0.41429,0.39888,0.3503,0.28024,0.38393,0.34984
0.42784,0.47314,0.43157,0.41429,0.39888,0.3503,0.28024,0.38393,0.34984,0.36151
0.47314,0.43157,0.41429,0.39888,0.3503,0.28024,0.38393,0.34984,0.36151,0.37599
0.43157,0.41429,0.39888,0.3503,0.28024,0.38393,0.34984,0.36151,0.37599,0.36525
0.41429,0.39888,0.3503,0.28024,0.38393,0.34984,0.36151,0.37599,0.36525,0.40215
0.39888,0.3503,0.28024,0.38393,0.34984,0.36151,0.37599,0.36525,0.40215,0.38814
0.3503,0.28024,0.38393,0.34984,0.36151,0.37599,0.36525,0.40215,0.38814,0.39608
0.28024,0.38393,0.34984,0.36151,0.37599,0.36525,0.40215,0.38814,0.39608,0.3802
0.38393,0.34984,0.36151,0.37599,0.36525,0.40215,0.38814,0.39608,0.3802,0.37366
0.34984,0.36151,0.37599,0.36525,0.40215,0.38814,0.39608,0.3802,0.37366,0.36759
0.36151,0.37599,0.36525,0.40215,0.38814,0.39608,0.3802,0.37366,0.36759,0.33629
0.37599,0.36525,0.40215,0.38814,0.39608,0.3802,0.37366,0.36759,0.33629,0.32555
0.36525,0.40215,0.38814,0.39608,0.3802,0.37366,0.36759,0.33629,0.32555,0.35778
0.40215,0.38814,0.39608,0.3802,0.37366,0.36759,0.33629,0.32555,0.35778,0.32882
0.38814,0.39608,0.3802,0.37366,0.36759,0.33629,0.32555,0.35778,0.32882,0.33723
0.39608,0.3802,0.37366,0.36759,0.33629,0.32555,0.35778,0.32882,0.33723,0.31667
0.3802,0.37366,0.36759,0.33629,0.32555,0.35778,0.32882,0.33723,0.31667,0.33022
0.37366,0.36759,0.33629,0.32555,0.35778,0.32882,0.33723,0.31667,0.33022,0.3503
0.36759,0.33629,0.32555,0.35778,0.32882,0.33723,0.31667,0.33022,0.3503,0.33255
0.33629,0.32555,0.35778,0.32882,0.33723,0.31667,0.33022,0.3503,0.33255,0.31621
0.32555,0.35778,0.32882,0.33723,0.31667,0.33022,0.3503,0.33255,0.31621,0.33676
0.35778,0.32882,0.33723,0.31667,0.33022,0.3503,0.33255,0.31621,0.33676,0.29566
0.32882,0.33723,0.31667,0.33022,0.3503,0.33255,0.31621,0.33676,0.29566,0.28818
0.33723,0.31667,0.33022,0.3503,0.33255,0.31621,0.33676,0.29566,0.28818,0.29332
0.31667,0.33022,0.3503,0.33255,0.31621,0.33676,0.29566,0.28818,0.29332,0.30733
0.33022,0.3503,0.33255,0.31621,0.33676,0.29566,0.28818,0.29332,0.30733,0.29052
0.3503,0.33255,0.31621,0.33676,0.29566,0.28818,0.29332,0.30733,0.29052,0.3036
0.33255,0.31621,0.33676,0.29566,0.28818,0.29332,0.30733,0.29052,0.3036,0.29659
0.31621,0.33676,0.29566,0.28818,0.29332,0.30733,0.29052,0.3036,0.29659,0.32135
0.33676,0.29566,0.28818,0.29332,0.30733,0.29052,0.3036,0.29659,0.32135,0.29566
0.29566,0.28818,0.29332,0.30733,0.29052,0.3036,0.29659,0.32135,0.29566,0.31808
0.28818,0.29332,0.30733,0.29052,0.3036,0.29659,0.32135,0.29566,0.31808,0.31621
0.29332,0.30733,0.29052,0.3036,0.29659,0.32135,0.29566,0.31808,0.31621,0.31948
0.30733,0.29052,0.3036,0.29659,0.32135,0.29566,0.31808,0.31621,0.31948,0.33302
0.29052,0.3036,0.29659,0.32135,0.29566,0.31808,0.31621,0.31948,0.33302,0.33816
0.3036,0.29659,0.32135,0.29566,0.31808,0.31621,0.31948,0.33302,0.33816,0.35871
0.29659,0.32135,0.29566,0.31808,0.31621,0.31948,0.33302,0.33816,0.35871,0.37085
0.32135,0.29566,0.31808,0.31621,0.31948,0.33302,0.33816,0.35871,0.37085,0.36945
0.29566,0.31808,0.31621,0.31948,0.33302,0.33816,0.35871,0.37085,0.36945,0.37693
0.31808,0.31621,0.31948,0.33302,0.33816,0.35871,0.37085,0.36945,0.37693,0.39701
0.31621,0.31948,0.33302,0.33816,0.35871,0.37085,0.36945,0.37693,0.39701,0.35077
0.31948,0.33302,0.33816,0.35871,0.37085,0.36945,0.37693,0.39701,0.35077,0.36058
0.33302,0.33816,0.35871,0.37085,0.36945,0.37693,0.39701,0.35077,0.36058,0.32088
0.33816,0.35871,0.37085,0.36945,0.37693,0.39701,0.35077,0.36058,0.32088,0.29939
0.35871,0.37085,0.36945,0.37693,0.39701,0.35077,0.36058,0.32088,0.29939,0.31481
0.37085,0.36945,0.37693,0.39701,0.35077,0.36058,0.32088,0.29939,0.31481,0.28585
0.36945,0.37693,0.39701,0.35077,0.36058,0.32088,0.29939,0.31481,0.28585,0.23821
0.37693,0.39701,0.35077,0.36058,0.32088,0.29939,0.31481,0.28585,0.23821,0.26249
0.39701,0.35077,0.36058,0.32088,0.29939,0.31481,0.28585,0.23821,0.26249,0.20738
0.35077,0.36058,0.32088,0.29939,0.31481,0.28585,0.23821,0.26249,0.20738,0.21859
0.36058,0.32088,0.29939,0.31481,0.28585,0.23821,0.26249,0.20738,0.21859,0.18076
0.32088,0.29939,0.31481,0.28585,0.23821,0.26249,0.20738,0.21859,0.18076,0.1971
0.29939,0.31481,0.28585,0.23821,0.26249,0.20738,0.21859,0.18076,0.1971,0.17702
0.31481,0.28585,0.23821,0.26249,0.20738,0.21859,0.18076,0.1971,0.17702,0.18356
0.28585,0.23821,0.26249,0.20738,0.21859,0.18076,0.1971,0.17702,0.18356,0.17609
0.23821,0.26249,0.20738,0.21859,0.18076,0.1971,0.17702,0.18356,0.17609,0.1915
0.26249,0.20738,0.21859,0.18076,0.1971,0.17702,0.18356,0.17609,0.1915,0.15507
0.20738,0.21859,0.18076,0.1971,0.17702,0.18356,0.17609,0.1915,0.15507,0.149
0.21859,0.18076,0.1971,0.17702,0.18356,0.17609,0.1915,0.15507,0.149,0.14152
0.18076,0.1971,0.17702,0.18356,0.17609,0.1915,0.15507,0.149,0.14152,0.13218
0.1971,0.17702,0.18356,0.17609,0.1915,0.15507,0.149,0.14152,0.13218,0.13498
0.17702,0.18356,0.17609,0.1915,0.15507,0.149,0.14152,0.13218,0.13498,0.093414
0.18356,0.17609,0.1915,0.15507,0.149,0.14152,0.13218,0.13498,0.093414,0.093414
0.17609,0.1915,0.15507,0.149,0.14152,0.13218,0.13498,0.093414,0.093414,0.078001
0.1915,0.15507,0.149,0.14152,0.13218,0.13498,0.093414,0.093414,0.078001,0.077067
0.15507,0.149,0.14152,0.13218,0.13498,0.093414,0.093414,0.078001,0.077067,0.054647
0.149,0.14152,0.13218,0.13498,0.093414,0.093414,0.078001,0.077067,0.054647,0.063055
0.14152,0.13218,0.13498,0.093414,0.093414,0.078001,0.077067,0.054647,0.063055,0.054647
0.13218,0.13498,0.093414,0.093414,0.078001,0.077067,0.054647,0.063055,0.054647,0.035497
0.13498,0.093414,0.093414,0.078001,0.077067,0.054647,0.063055,0.054647,0.035497,0.03036
0.093414,0.093414,0.078001,0.077067,0.054647,0.063055,0.054647,0.035497,0.03036,0.033162
0.093414,0.078001,0.077067,0.054647,0.063055,0.054647,0.035497,0.03036,0.033162,0.032228
0.078001,0.077067,0.054647,0.063055,0.054647,0.035497,0.03036,0.033162,0.032228,0.021485
0.077067,0.054647,0.063055,0.054647,0.035497,0.03036,0.033162,0.032228,0.021485,0.020084
0.054647,0.063055,0.054647,0.035497,0.03036,0.033162,0.032228,0.021485,0.020084,0.025222
0.063055,0.054647,0.035497,0.03036,0.033162,0.032228,0.021485,0.020084,0.025222,0.035497
0.054647,0.035497,0.03036,0.033162,0.032228,0.021485,0.020084,0.025222,0.035497,0.032695
0.035497,0.03036,0.033162,0.032228,0.021485,0.020084,0.025222,0.035497,0.032695,0.038767
0.03036,0.033162,0.032228,0.021485,0.020084,0.025222,0.035497,0.032695,0.038767,0.050911
0.033162,0.032228,0.021485,0.020084,0.025222,0.035497,0.032695,0.038767,0.050911,0.04951
0.032228,0.021485,0.020084,0.025222,0.035497,0.032695,0.038767,0.050911,0.04951,0.079402
0.021485,0.020084,0.025222,0.035497,0.032695,0.038767,0.050911,0.04951,0.079402,0.096684
0.020084,0.025222,0.035497,0.032695,0.038767,0.050911,0.04951,0.079402,0.096684,0.10322
0.025222,0.035497,0.032695,0.038767,0.050911,0.04951,0.079402,0.096684,0.10322,0.13965
0.035497,0.032695,0.038767,0.050911,0.04951,0.079402,0.096684,0.10322,0.13965,0.21485
0.032695,0.038767,0.050911,0.04951,0.079402,0.096684,0.10322,0.13965,0.21485,0.27744
0.038767,0.050911,0.04951,0.079402,0.096684,0.10322,0.13965,0.21485,0.27744,0.3134
0.050911,0.04951,0.079402,0.096684,0.10322,0.13965,0.21485,0.27744,0.3134,0.39654
0.04951,0.079402,0.096684,0.10322,0.13965,0.21485,0.27744,0.3134,0.39654,0.42036
0.079402,0.096684,0.10322,0.13965,0.21485,0.27744,0.3134,0.39654,0.42036,0.44045
0.096684,0.10322,0.13965,0.21485,0.27744,0.3134,0.39654,0.42036,0.44045,0.40215
0.10322,0.13965,0.21485,0.27744,0.3134,0.39654,0.42036,0.44045,0.40215,0.39374
0.13965,0.21485,0.27744,0.3134,0.39654,0.42036,0.44045,0.40215,0.39374,0.36338
0.21485,0.27744,0.3134,0.39654,0.42036,0.44045,0.40215,0.39374,0.36338,0.36525
0.27744,0.3134,0.39654,0.42036,0.44045,0.40215,0.39374,0.36338,0.36525,0.38487
0.3134,0.39654,0.42036,0.44045,0.40215,0.39374,0.36338,0.36525,0.38487,0.35638
0.39654,0.42036,0.44045,0.40215,0.39374,0.36338,0.36525,0.38487,0.35638,0.38954
0.42036,0.44045,0.40215,0.39374,0.36338,0.36525,0.38487,0.35638,0.38954,0.38487
0.44045,0.40215,0.39374,0.36338,0.36525,0.38487,0.35638,0.38954,0.38487,0.34937
0.40215,0.39374,0.36338,0.36525,0.38487,0.35638,0.38954,0.38487,0.34937,0.33816
0.39374,0.36338,0.36525,0.38487,0.35638,0.38954,0.38487,0.34937,0.33816,0.32135
0.36338,0.36525,0.38487,0.35638,0.38954,0.38487,0.34937,0.33816,0.32135,0.39468
0.36525,0.38487,0.35638,0.38954,0.38487,0.34937,0.33816,0.32135,0.39468,0.38954
0.38487,0.35638,0.38954,0.38487,0.34937,0.33816,0.32135,0.39468,0.38954,0.36665
0.35638,0.38954,0.38487,0.34937,0.33816,0.32135,0.39468,0.38954,0.36665,0.40682
0.38954,0.38487,0.34937,0.33816,0.32135,0.39468,0.38954,0.36665,0.40682,0.383
0.38487,0.34937,0.33816,0.32135,0.39468,0.38954,0.36665,0.40682,0.383,0.34143
0.34937,0.33816,0.32135,0.39468,0.38954,0.36665,0.40682,0.383,0.34143,0.35918
0.33816,0.32135,0.39468,0.38954,0.36665,0.40682,0.383,0.34143,0.35918,0.33396
0.32135,0.39468,0.38954,0.36665,0.40682,0.383,0.34143,0.35918,0.33396,0.28912
0.39468,0.38954,0.36665,0.40682,0.383,0.34143,0.35918,0.33396,0.28912,0.31527
0.38954,0.36665,0.40682,0.383,0.34143,0.35918,0.33396,0.28912,0.31527,0.31761
0.36665,0.40682,0.383,0.34143,0.35918,0.33396,0.28912,0.31527,0.31761,0.37646
0.40682,0.383,0.34143,0.35918,0.33396,0.28912,0.31527,0.31761,0.37646,0.32882
0.383,0.34143,0.35918,0.33396,0.28912,0.31527,0.31761,0.37646,0.32882,0.27931
0.34143,0.35918,0.33396,0.28912,0.31527,0.31761,0.37646,0.32882,0.27931,0.32321
0.35918,0.33396,0.28912,0.31527,0.31761,0.37646,0.32882,0.27931,0.32321,0.32321
0.33396,0.28912,0.31527,0.31761,0.37646,0.32882,0.27931,0.32321,0.32321,0.33022
0.28912,0.31527,0.31761,0.37646,0.32882,0.27931,0.32321,0.32321,0.33022,0.32135
0.31527,0.31761,0.37646,0.32882,0.27931,0.32321,0.32321,0.33022,0.32135,0.3064
0.31761,0.37646,0.32882,0.27931,0.32321,0.32321,0.33022,0.32135,0.3064,0.32415
0.37646,0.32882,0.27931,0.32321,0.32321,0.33022,0.32135,0.3064,0.32415,0.32882
0.32882,0.27931,0.32321,0.32321,0.33022,0.32135,0.3064,0.32415,0.32882,0.28538
0.27931,0.32321,0.32321,0.33022,0.32135,0.3064,0.32415,0.32882,0.28538,0.29893
0.32321,0.32321,0.33022,0.32135,0.3064,0.32415,0.32882,0.28538,0.29893,0.32228
0.32321,0.33022,0.32135,0.3064,0.32415,0.32882,0.28538,0.29893,0.32228,0.31854
0.33022,0.32135,0.3064,0.32415,0.32882,0.28538,0.29893,0.32228,0.31854,0.31854
0.32135,0.3064,0.32415,0.32882,0.28538,0.29893,0.32228,0.31854,0.31854,0.31761
0.3064,0.32415,0.32882,0.28538,0.29893,0.32228,0.31854,0.31854,0.31761,0.34143
0.32415,0.32882,0.28538,0.29893,0.32228,0.31854,0.31854,0.31761,0.34143,0.29799
0.32882,0.28538,0.29893,0.32228,0.31854,0.31854,0.31761,0.34143,0.29799,0.32835
0.28538,0.29893,0.32228,0.31854,0.31854,0.31761,0.34143,0.29799,0.32835,0.36011
0.29893,0.32228,0.31854,0.31854,0.31761,0.34143,0.29799,0.32835,0.36011,0.36058
0.32228,0.31854,0.31854,0.31761,0.34143,0.29799,0.32835,0.36011,0.36058,0.35077
0.31854,0.31854,0.31761,0.34143,0.29799,0.32835,0.36011,0.36058,0.35077,0.33723
0.31854,0.31761,0.34143,0.29799,0.32835,0.36011,0.36058,0.35077,0.33723,0.36712
0.31761,0.34143,0.29799,0.32835,0.36011,0.36058,0.35077,0.33723,0.36712,0.35217
0.34143,0.29799,0.32835,0.36011,0.36058,0.35077,0.33723,0.36712,0.35217,0.37132
0.29799,0.32835,0.36011,0.36058,0.35077,0.33723,0.36712,0.35217,0.37132,0.30313
0.32835,0.36011,0.36058,0.35077,0.33723,0.36712,0.35217,0.37132,0.30313,0.29145
0.36011,0.36058,0.35077,0.33723,0.36712,0.35217,0.37132,0.30313,0.29145,0.28258
0.36058,0.35077,0.33723,0.36712,0.35217,0.37132,0.30313,0.29145,0.28258,0.27184
0.35077,0.33723,0.36712,0.35217,0.37132,0.30313,0.29145,0.28258,0.27184,0.24615
0.33723,0.36712,0.35217,0.37132,0.30313,0.29145,0.28258,0.27184,0.24615,0.20504
0.36712,0.35217,0.37132,0.30313,0.29145,0.28258,0.27184,0.24615,0.20504,0.20458
0.35217,0.37132,0.30313,0.29145,0.28258,0.27184,0.24615,0.20504,0.20458,0.22419
0.37132,0.30313,0.29145,0.28258,0.27184,0.24615,0.20504,0.20458,0.22419,0.15834
0.30313,0.29145,0.28258,0.27184,0.24615,0.20504,0.20458,0.22419,0.15834,0.1915
0.29145,0.28258,0.27184,0.24615,0.20504,0.20458,0.22419,0.15834,0.1915,0.19617
0.28258,0.27184,0.24615,0.20504,0.20458,0.22419,0.15834,0.1915,0.19617,0.15227
0.27184,0.24615,0.20504,0.20458,0.22419,0.15834,0.1915,0.19617,0.15227,0.14479
0.24615,0.20504,0.20458,0.22419,0.15834,0.1915,0.19617,0.15227,0.14479,0.16207
0.20504,0.20458,0.22419,0.15834,0.1915,0.19617,0.15227,0.14479,0.16207,0.18262
0.20458,0.22419,0.15834,0.1915,0.19617,0.15227,0.14479,0.16207,0.18262,0.13498
0.22419,0.15834,0.1915,0.19617,0.15227,0.14479,0.16207,0.18262,0.13498,0.1957
0.15834,0.1915,0.19617,0.15227,0.14479,0.16207,0.18262,0.13498,0.1957,0.17749
0.1915,0.19617,0.15227,0.14479,0.16207,0.18262,0.13498,0.1957,0.17749,0.17795
0.19617,0.15227,0.14479,0.16207,0.18262,0.13498,0.1957,0.17749,0.17795,0.10836
0.15227,0.14479,0.16207,0.18262,0.13498,0.1957,0.17749,0.17795,0.10836,0.071929
0.14479,0.16207,0.18262,0.13498,0.1957,0.17749,0.17795,0.10836,0.071929,0.083606
0.16207,0.18262,0.13498,0.1957,0.17749,0.17795,0.10836,0.071929,0.083606,0.061653
0.18262,0.13498,0.1957,0.17749,0.17795,0.10836,0.071929,0.083606,0.061653,0.054647
0.13498,0.1957,0.17749,0.17795,0.10836,0.071929,0.083606,0.061653,0.054647,0.059785
0.1957,0.17749,0.17795,0.10836,0.071929,0.083606,0.061653,0.054647,0.059785,0.052312
0.17749,0.17795,0.10836,0.071929,0.083606,0.061653,0.054647,0.059785,0.052312,0.0383
0.17795,0.10836,0.071929,0.083606,0.061653,0.054647,0.059785,0.052312,0.0383,0.028958
0.10836,0.071929,0.083606,0.061653,0.054647,0.059785,0.052312,0.0383,0.028958,0.025222
0.071929,0.083606,0.061653,0.054647,0.059785,0.052312,0.0383,0.028958,0.025222,0.033162
0.083606,0.061653,0.054647,0.059785,0.052312,0.0383,0.028958,0.025222,0.033162,0.034096
0.061653,0.054647,0.059785,0.052312,0.0383,0.028958,0.025222,0.033162,0.034096,0.034096
0.054647,0.059785,0.052312,0.0383,0.028958,0.025222,0.033162,0.034096,0.034096,0.029426
0.059785,0.052312,0.0383,0.028958,0.025222,0.033162,0.034096,0.034096,0.029426,0.034096
0.052312,0.0383,0.028958,0.025222,0.033162,0.034096,0.034096,0.029426,0.034096,0.042504
0.0383,0.028958,0.025222,0.033162,0.034096,0.034096,0.029426,0.034096,0.042504,0.043438
0.028958,0.025222,0.033162,0.034096,0.034096,0.029426,0.034096,0.042504,0.043438,0.045773
0.025222,0.033162,0.034096,0.034096,0.029426,0.034096,0.042504,0.043438,0.045773,0.060719
0.033162,0.034096,0.034096,0.029426,0.034096,0.042504,0.043438,0.045773,0.060719,0.070528
0.034096,0.034096,0.029426,0.034096,0.042504,0.043438,0.045773,0.060719,0.070528,0.099019
0.034096,0.029426,0.034096,0.042504,0.043438,0.045773,0.060719,0.070528,0.099019,0.10229
0.029426,0.034096,0.042504,0.043438,0.045773,0.060719,0.070528,0.099019,0.10229,0.14339
0.034096,0.042504,0.043438,0.045773,0.060719,0.070528,0.099019,0.10229,0.14339,0.21859
0.042504,0.043438,0.045773,0.060719,0.070528,0.099019,0.10229,0.14339,0.21859,0.24848
0.043438,0.045773,0.060719,0.070528,0.099019,0.10229,0.14339,0.21859,0.24848,0.27043
0.045773,0.060719,0.070528,0.099019,0.10229,0.14339,0.21859,0.24848,0.27043,0.37412
0.060719,0.070528,0.099019,0.10229,0.14339,0.21859,0.24848,0.27043,0.37412,0.44278
0.070528,0.099019,0.10229,0.14339,0.21859,0.24848,0.27043,0.37412,0.44278,0.43905
0.099019,0.10229,0.14339,0.21859,0.24848,0.27043,0.37412,0.44278,0.43905,0.41242
0.10229,0.14339,0.21859,0.24848,0.27043,0.37412,0.44278,0.43905,0.41242,0.40402
0.14339,0.21859,0.24848,0.27043,0.37412,0.44278,0.43905,0.41242,0.40402,0.36618
0.21859,0.24848,0.27043,0.37412,0.44278,0.43905,0.41242,0.40402,0.36618,0.37039
0.24848,0.27043,0.37412,0.44278,0.43905,0.41242,0.40402,0.36618,0.37039,0.39841
0.27043,0.37412,0.44278,0.43905,0.41242,0.40402,0.36618,0.37039,0.39841,0.37132
0.37412,0.44278,0.43905,0.41242,0.40402,0.36618,0.37039,0.39841,0.37132,0.36759
0.44278,0.43905,0.41242,0.40402,0.36618,0.37039,0.39841,0.37132,0.36759,0.37412
0.43905,0.41242,0.40402,0.36618,0.37039,0.39841,0.37132,0.36759,0.37412,0.35357
0.41242,0.40402,0.36618,0.37039,0.39841,0.37132,0.36759,0.37412,0.35357,0.39608
0.40402,0.36618,0.37039,0.39841,0.37132,0.36759,0.37412,0.35357,0.39608,0.40168
0.36618,0.37039,0.39841,0.37132,0.36759,0.37412,0.35357,0.39608,0.40168,0.40822
0.37039,0.39841,0.37132,0.36759,0.37412,0.35357,0.39608,0.40168,0.40822,0.38393
0.39841,0.37132,0.36759,0.37412,0.35357,0.39608,0.40168,0.40822,0.38393,0.39748
0.37132,0.36759,0.37412,0.35357,0.39608,0.40168,0.40822,0.38393,0.39748,0.39047
0.36759,0.37412,0.35357,0.39608,0.40168,0.40822,0.38393,0.39748,0.39047,0.3886
0.37412,0.35357,0.39608,0.40168,0.40822,0.38393,0.39748,0.39047,0.3886,0.37926
0.35357,0.39608,0.40168,0.40822,0.38393,0.39748,0.39047,0.3886,0.37926,0.35497
0.39608,0.40168,0.40822,0.38393,0.39748,0.39047,0.3886,0.37926,0.35497,0.32788
0.40168,0.40822,0.38393,0.39748,0.39047,0.3886,0.37926,0.35497,0.32788,0.37039
0.40822,0.38393,0.39748,0.39047,0.3886,0.37926,0.35497,0.32788,0.37039,0.32975
0.38393,0.39748,0.39047,0.3886,0.37926,0.35497,0.32788,0.37039,0.32975,0.33396
0.39748,0.39047,0.3886,0.37926,0.35497,0.32788,0.37039,0.32975,0.33396,0.33629
0.39047,0.3886,0.37926,0.35497,0.32788,0.37039,0.32975,0.33396,0.33629,0.37506
0.3886,0.37926,0.35497,0.32788,0.37039,0.32975,0.33396,0.33629,0.37506,0.33536
0.37926,0.35497,0.32788,0.37039,0.32975,0.33396,0.33629,0.37506,0.33536,0.34096
0.35497,0.32788,0.37039,0.32975,0.33396,0.33629,0.37506,0.33536,0.34096,0.33769
0.32788,0.37039,0.32975,0.33396,0.33629,0.37506,0.33536,0.34096,0.33769,0.29612
0.37039,0.32975,0.33396,0.33629,0.37506,0.33536,0.34096,0.33769,0.29612,0.32415
0.32975,0.33396,0.33629,0.37506,0.33536,0.34096,0.33769,0.29612,0.32415,0.3475
0.33396,0.33629,0.37506,0.33536,0.34096,0.33769,0.29612,0.32415,0.3475,0.37085
0.33629,0.37506,0.33536,0.34096,0.33769,0.29612,0.32415,0.3475,0.37085,0.35731
0.37506,0.33536,0.34096,0.33769,0.29612,0.32415,0.3475,0.37085,0.35731,0.32602
0.33536,0.34096,0.33769,0.29612,0.32415,0.3475,0.37085,0.35731,0.32602,0.30453
0.34096,0.33769,0.29612,0.32415,0.3475,0.37085,0.35731,0.32602,0.30453,0.37459
0.33769,0.29612,0.32415,0.3475,0.37085,0.35731,0.32602,0.30453,0.37459,0.36478
0.29612,0.32415,0.3475,0.37085,0.35731,0.32602,0.30453,0.37459,0.36478,0.34096
0.32415,0.3475,0.37085,0.35731,0.32602,0.30453,0.37459,0.36478,0.34096,0.3886
0.3475,0.37085,0.35731,0.32602,0.30453,0.37459,0.36478,0.34096,0.3886,0.3489
0.37085,0.35731,0.32602,0.30453,0.37459,0.36478,0.34096,0.3886,0.3489,0.3489
0.35731,0.32602,0.30453,0.37459,0.36478,0.34096,0.3886,0.3489,0.3489,0.33956
0.32602,0.30453,0.37459,0.36478,0.34096,0.3886,0.3489,0.3489,0.33956,0.37179
0.30453,0.37459,0.36478,0.34096,0.3886,0.3489,0.3489,0.33956,0.37179,0.40215
0.37459,0.36478,0.34096,0.3886,0.3489,0.3489,0.33956,0.37179,0.40215,0.383
0.36478,0.34096,0.3886,0.3489,0.3489,0.33956,0.37179,0.40215,0.383,0.36945
0.34096,0.3886,0.3489,0.3489,0.33956,0.37179,0.40215,0.383,0.36945,0.35824
0.3886,0.3489,0.3489,0.33956,0.37179,0.40215,0.383,0.36945,0.35824,0.37319
0.3489,0.3489,0.33956,0.37179,0.40215,0.383,0.36945,0.35824,0.37319,0.35731
0.3489,0.33956,0.37179,0.40215,0.383,0.36945,0.35824,0.37319,0.35731,0.34657
0.33956,0.37179,0.40215,0.383,0.36945,0.35824,0.37319,0.35731,0.34657,0.35731
0.37179,0.40215,0.383,0.36945,0.35824,0.37319,0.35731,0.34657,0.35731,0.32228
0.40215,0.383,0.36945,0.35824,0.37319,0.35731,0.34657,0.35731,0.32228,0.32415
0.383,0.36945,0.35824,0.37319,0.35731,0.34657,0.35731,0.32228,0.32415,0.31854
0.36945,0.35824,0.37319,0.35731,0.34657,0.35731,0.32228,0.32415,0.31854,0.30827
0.35824,0.37319,0.35731,0.34657,0.35731,0.32228,0.32415,0.31854,0.30827,0.28164
0.37319,0.35731,0.34657,0.35731,0.32228,0.32415,0.31854,0.30827,0.28164,0.2737
0.35731,0.34657,0.35731,0.32228,0.32415,0.31854,0.30827,0.28164,0.2737,0.25082
0.34657,0.35731,0.32228,0.32415,0.31854,0.30827,0.28164,0.2737,0.25082,0.24848
0.35731,0.32228,0.32415,0.31854,0.30827,0.28164,0.2737,0.25082,0.24848,0.23073
0.32228,0.32415,0.31854,0.30827,0.28164,0.2737,0.25082,0.24848,0.23073,0.21392
0.32415,0.31854,0.30827,0.28164,0.2737,0.25082,0.24848,0.23073,0.21392,0.23307
0.31854,0.30827,0.28164,0.2737,0.25082,0.24848,0.23073,0.21392,0.23307,0.21439
0.30827,0.28164,0.2737,0.25082,0.24848,0.23073,0.21392,0.23307,0.21439,0.227
0.28164,0.2737,0.25082,0.24848,0.23073,0.21392,0.23307,0.21439,0.227,0.20691
0.2737,0.25082,0.24848,0.23073,0.21392,0.23307,0.21439,0.227,0.20691,0.18543
0.25082,0.24848,0.23073,0.21392,0.23307,0.21439,0.227,0.20691,0.18543,0.23027
0.24848,0.23073,0.21392,0.23307,0.21439,0.227,0.20691,0.18543,0.23027,0.19103
0.23073,0.21392,0.23307,0.21439,0.227,0.20691,0.18543,0.23027,0.19103,0.17001
0.21392,0.23307,0.21439,0.227,0.20691,0.18543,0.23027,0.19103,0.17001,0.13825
0.23307,0.21439,0.227,0.20691,0.18543,0.23027,0.19103,0.17001,0.13825,0.13919
0.21439,0.227,0.20691,0.18543,0.23027,0.19103,0.17001,0.13825,0.13919,0.11537
0.227,0.20691,0.18543,0.23027,0.19103,0.17001,0.13825,0.13919,0.11537,0.10135
0.20691,0.18543,0.23027,0.19103,0.17001,0.13825,0.13919,0.11537,0.10135,0.048575
0.18543,0.23027,0.19103,0.17001,0.13825,0.13919,0.11537,0.10135,0.048575,0.051378
0.23027,0.19103,0.17001,0.13825,0.13919,0.11537,0.10135,0.048575,0.051378,0.035497
0.19103,0.17001,0.13825,0.13919,0.11537,0.10135,0.048575,0.051378,0.035497,0.035497
0.17001,0.13825,0.13919,0.11537,0.10135,0.048575,0.051378,0.035497,0.035497,0.023821
0.13825,0.13919,0.11537,0.10135,0.048575,0.051378,0.035497,0.035497,0.023821,0.03036
0.13919,0.11537,0.10135,0.048575,0.051378,0.035497,0.035497,0.023821,0.03036,0.022419
0.11537,0.10135,0.048575,0.051378,0.035497,0.035497,0.023821,0.03036,0.022419,0.028024
0.10135,0.048575,0.051378,0.035497,0.035497,0.023821,0.03036,0.022419,0.028024,0.014479
0.048575,0.051378,0.035497,0.035497,0.023821,0.03036,0.022419,0.028024,0.014479,0.026156
0.051378,0.035497,0.035497,0.023821,0.03036,0.022419,0.028024,0.014479,0.026156,0.032695
0.035497,0.035497,0.023821,0.03036,0.022419,0.028024,0.014479,0.026156,0.032695,0.040168
0.035497,0.023821,0.03036,0.022419,0.028024,0.014479,0.026156,0.032695,0.040168,0.03503
0.023821,0.03036,0.022419,0.028024,0.014479,0.026156,0.032695,0.040168,0.03503,0.048108
0.03036,0.022419,0.028024,0.014479,0.026156,0.032695,0.040168,0.03503,0.048108,0.077534
0.022419,0.028024,0.014479,0.026156,0.032695,0.040168,0.03503,0.048108,0.077534,0.069127
0.028024,0.014479,0.026156,0.032695,0.040168,0.03503,0.048108,0.077534,0.069127,0.1205
0.014479,0.026156,0.032695,0.040168,0.03503,0.048108,0.077534,0.069127,0.1205,0.16067
0.026156,0.032695,0.040168,0.03503,0.048108,0.077534,0.069127,0.1205,0.16067,0.22606
0.032695,0.040168,0.03503,0.048108,0.077534,0.069127,0.1205,0.16067,0.22606,0.25829
0.040168,0.03503,0.048108,0.077534,0.069127,0.1205,0.16067,0.22606,0.25829,0.28211
0.03503,0.048108,0.077534,0.069127,0.1205,0.16067,0.22606,0.25829,0.28211,0.39794
0.048108,0.077534,0.069127,0.1205,0.16067,0.22606,0.25829,0.28211,0.39794,0.45726
0.077534,0.069127,0.1205,0.16067,0.22606,0.25829,0.28211,0.39794,0.45726,0.43438
0.069127,0.1205,0.16067,0.22606,0.25829,0.28211,0.39794,0.45726,0.43438,0.42971
0.1205,0.16067,0.22606,0.25829,0.28211,0.39794,0.45726,0.43438,0.42971,0.37646
0.16067,0.22606,0.25829,0.28211,0.39794,0.45726,0.43438,0.42971,0.37646,0.37926
0.22606,0.25829,0.28211,0.39794,0.45726,0.43438,0.42971,0.37646,0.37926,0.27464
0.25829,0.28211,0.39794,0.45726,0.43438,0.42971,0.37646,0.37926,0.27464,0.31107
0.28211,0.39794,0.45726,0.43438,0.42971,0.37646,0.37926,0.27464,0.31107,0.36432
0.39794,0.45726,0.43438,0.42971,0.37646,0.37926,0.27464,0.31107,0.36432,0.36899
0.45726,0.43438,0.42971,0.37646,0.37926,0.27464,0.31107,0.36432,0.36899,0.40542
0.43438,0.42971,0.37646,0.37926,0.27464,0.31107,0.36432,0.36899,0.40542,0.3517
0.42971,0.37646,0.37926,0.27464,0.31107,0.36432,0.36899,0.40542,0.3517,0.34844
0.37646,0.37926,0.27464,0.31107,0.36432,0.36899,0.40542,0.3517,0.34844,0.37926
0.37926,0.27464,0.31107,0.36432,0.36899,0.40542,0.3517,0.34844,0.37926,0.39374
0.27464,0.31107,0.36432,0.36899,0.40542,0.3517,0.34844,0.37926,0.39374,0.40402
0.31107,0.36432,0.36899,0.40542,0.3517,0.34844,0.37926,0.39374,0.40402,0.37366
0.36432,0.36899,0.40542,0.3517,0.34844,0.37926,0.39374,0.40402,0.37366,0.37412
0.36899,0.40542,0.3517,0.34844,0.37926,0.39374,0.40402,0.37366,0.37412,0.3872
0.40542,0.3517,0.34844,0.37926,0.39374,0.40402,0.37366,0.37412,0.3872,0.36712
0.3517,0.34844,0.37926,0.39374,0.40402,0.37366,0.37412,0.3872,0.36712,0.33302
0.34844,0.37926,0.39374,0.40402,0.37366,0.37412,0.3872,0.36712,0.33302,0.3489
0.37926,0.39374,0.40402,0.37366,0.37412,0.3872,0.36712,0.33302,0.3489,0.31621
0.39374,0.40402,0.37366,0.37412,0.3872,0.36712,0.33302,0.3489,0.31621,0.31154
0.40402,0.37366,0.37412,0.3872,0.36712,0.33302,0.3489,0.31621,0.31154,0.31994
0.37366,0.37412,0.3872,0.36712,0.33302,0.3489,0.31621,0.31154,0.31994,0.32321
0.37412,0.3872,0.36712,0.33302,0.3489,0.31621,0.31154,0.31994,0.32321,0.3433
0.3872,0.36712,0.33302,0.3489,0.31621,0.31154,0.31994,0.32321,0.3433,0.33816
0.36712,0.33302,0.3489,0.31621,0.31154,0.31994,0.32321,0.3433,0.33816,0.32181
0.33302,0.3489,0.31621,0.31154,0.31994,0.32321,0.3433,0.33816,0.32181,0.32975
0.3489,0.31621,0.31154,0.31994,0.32321,0.3433,0.33816,0.32181,0.32975,0.29939
0.31621,0.31154,0.31994,0.32321,0.3433,0.33816,0.32181,0.32975,0.29939,0.32135
0.31154,0.31994,0.32321,0.3433,0.33816,0.32181,0.32975,0.29939,0.32135,0.31621
0.31994,0.32321,0.3433,0.33816,0.32181,0.32975,0.29939,0.32135,0.31621,0.32648
0.32321,0.3433,0.33816,0.32181,0.32975,0.29939,0.32135,0.31621,0.32648,0.32088
0.3433,0.33816,0.32181,0.32975,0.29939,0.32135,0.31621,0.32648,0.32088,0.3022
0.33816,0.32181,0.32975,0.29939,0.32135,0.31621,0.32648,0.32088,0.3022,0.33209
0.32181,0.32975,0.29939,0.32135,0.31621,0.32648,0.32088,0.3022,0.33209,0.32555
0.32975,0.29939,0.32135,0.31621,0.32648,0.32088,0.3022,0.33209,0.32555,0.29426
0.29939,0.32135,0.31621,0.32648,0.32088,0.3022,0.33209,0.32555,0.29426,0.31621
0.32135,0.31621,0.32648,0.32088,0.3022,0.33209,0.32555,0.29426,0.31621,0.31247
0.31621,0.32648,0.32088,0.3022,0.33209,0.32555,0.29426,0.31621,0.31247,0.30967
0.32648,0.32088,0.3022,0.33209,0.32555,0.29426,0.31621,0.31247,0.30967,0.33489
0.32088,0.3022,0.33209,0.32555,0.29426,0.31621,0.31247,0.30967,0.33489,0.3092
0.3022,0.33209,0.32555,0.29426,0.31621,0.31247,0.30967,0.33489,0.3092,0.35638
0.33209,0.32555,0.29426,0.31621,0.31247,0.30967,0.33489,0.3092,0.35638,0.37366
0.32555,0.29426,0.31621,0.31247,0.30967,0.33489,0.3092,0.35638,0.37366,0.37693
0.29426,0.31621,0.31247,0.30967,0.33489,0.3092,0.35638,0.37366,0.37693,0.33022
0.31621,0.31247,0.30967,0.33489,0.3092,0.35638,0.37366,0.37693,0.33022,0.36151
0.31247,0.30967,0.33489,0.3092,0.35638,0.37366,0.37693,0.33022,0.36151,0.31527
0.30967,0.33489,0.3092,0.35638,0.37366,0.37693,0.33022,0.36151,0.31527,0.32321
0.33489,0.3092,0.35638,0.37366,0.37693,0.33022,0.36151,0.31527,0.32321,0.32555
0.3092,0.35638,0.37366,0.37693,0.33022,0.36151,0.31527,0.32321,0.32555,0.30173
0.35638,0.37366,0.37693,0.33022,0.36151,0.31527,0.32321,0.32555,0.30173,0.27604
0.37366,0.37693,0.33022,0.36151,0.31527,0.32321,0.32555,0.30173,0.27604,0.26296
0.37693,0.33022,0.36151,0.31527,0.32321,0.32555,0.30173,0.27604,0.26296,0.24194
0.33022,0.36151,0.31527,0.32321,0.32555,0.30173,0.27604,0.26296,0.24194,0.2312
0.36151,0.31527,0.32321,0.32555,0.30173,0.27604,0.26296,0.24194,0.2312,0.22233
0.31527,0.32321,0.32555,0.30173,0.27604,0.26296,0.24194,0.2312,0.22233,0.19243
0.32321,0.32555,0.30173,0.27604,0.26296,0.24194,0.2312,0.22233,0.19243,0.16394
0.32555,0.30173,0.27604,0.26296,0.24194,0.2312,0.22233,0.19243,0.16394,0.17515
0.30173,0.27604,0.26296,0.24194,0.2312,0.22233,0.19243,0.16394,0.17515,0.16067
0.27604,0.26296,0.24194,0.2312,0.22233,0.19243,0.16394,0.17515,0.16067,0.17422
0.26296,0.24194,0.2312,0.22233,0.19243,0.16394,0.17515,0.16067,0.17422,0.14806
0.24194,0.2312,0.22233,0.19243,0.16394,0.17515,0.16067,0.17422,0.14806,0.17282
0.2312,0.22233,0.19243,0.16394,0.17515,0.16067,0.17422,0.14806,0.17282,0.1546
0.22233,0.19243,0.16394,0.17515,0.16067,0.17422,0.14806,0.17282,0.1546,0.13919
0.19243,0.16394,0.17515,0.16067,0.17422,0.14806,0.17282,0.1546,0.13919,0.12798
0.16394,0.17515,0.16067,0.17422,0.14806,0.17282,0.1546,0.13919,0.12798,0.12004
0.17515,0.16067,0.17422,0.14806,0.17282,0.1546,0.13919,0.12798,0.12004,0.10696
0.16067,0.17422,0.14806,0.17282,0.1546,0.13919,0.12798,0.12004,0.10696,0.087342
0.17422,0.14806,0.17282,0.1546,0.13919,0.12798,0.12004,0.10696,0.087342,0.086408
0.14806,0.17282,0.1546,0.13919,0.12798,0.12004,0.10696,0.087342,0.086408,0.062588
0.17282,0.1546,0.13919,0.12798,0.12004,0.10696,0.087342,0.086408,0.062588,0.051378
0.1546,0.13919,0.12798,0.12004,0.10696,0.087342,0.086408,0.062588,0.051378,0.04624
0.13919,0.12798,0.12004,0.10696,0.087342,0.086408,0.062588,0.051378,0.04624,0.04624
0.12798,0.12004,0.10696,0.087342,0.086408,0.062588,0.051378,0.04624,0.04624,0.044372
0.12004,0.10696,0.087342,0.086408,0.062588,0.051378,0.04624,0.04624,0.044372,0.051378
0.10696,0.087342,0.086408,0.062588,0.051378,0.04624,0.04624,0.044372,0.051378,0.036899
0.087342,0.086408,0.062588,0.051378,0.04624,0.04624,0.044372,0.051378,0.036899,0.029426
0.086408,0.062588,0.051378,0.04624,0.04624,0.044372,0.051378,0.036899,0.029426,0.042504
0.062588,0.051378,0.04624,0.04624,0.044372,0.051378,0.036899,0.029426,0.042504,0.032228
0.051378,0.04624,0.04624,0.044372,0.051378,0.036899,0.029426,0.042504,0.032228,0.021952
0.04624,0.04624,0.044372,0.051378,0.036899,0.029426,0.042504,0.032228,0.021952,0.030827
0.04624,0.044372,0.051378,0.036899,0.029426,0.042504,0.032228,0.021952,0.030827,0.032695
0.044372,0.051378,0.036899,0.029426,0.042504,0.032228,0.021952,0.030827,0.032695,0.031294
0.051378,0.036899,0.029426,0.042504,0.032228,0.021952,0.030827,0.032695,0.031294,0.035965
0.036899,0.029426,0.042504,0.032228,0.021952,0.030827,0.032695,0.031294,0.035965,0.051845
0.029426,0.042504,0.032228,0.021952,0.030827,0.032695,0.031294,0.035965,0.051845,0.056983
0.042504,0.032228,0.021952,0.030827,0.032695,0.031294,0.035965,0.051845,0.056983,0.068192
0.032228,0.021952,0.030827,0.032695,0.031294,0.035965,0.051845,0.056983,0.068192,0.070995
0.021952,0.030827,0.032695,0.031294,0.035965,0.051845,0.056983,0.068192,0.070995,0.10322
0.030827,0.032695,0.031294,0.035965,0.051845,0.056983,0.068192,0.070995,0.10322,0.17095
0.032695,0.031294,0.035965,0.051845,0.056983,0.068192,0.070995,0.10322,0.17095,0.22513
0.031294,0.035965,0.051845,0.056983,0.068192,0.070995,0.10322,0.17095,0.22513,0.25549
0.035965,0.051845,0.056983,0.068192,0.070995,0.10322,0.17095,0.22513,0.25549,0.27557
0.051845,0.056983,0.068192,0.070995,0.10322,0.17095,0.22513,0.25549,0.27557,0.39234
0.056983,0.068192,0.070995,0.10322,0.17095,0.22513,0.25549,0.27557,0.39234,0.46287
0.068192,0.070995,0.10322,0.17095,0.22513,0.25549,0.27557,0.39234,0.46287,0.45072
0.070995,0.10322,0.17095,0.22513,0.25549,0.27557,0.39234,0.46287,0.45072,0.41149
0.10322,0.17095,0.22513,0.25549,0.27557,0.39234,0.46287,0.45072,0.41149,0.41616
0.17095,0.22513,0.25549,0.27557,0.39234,0.46287,0.45072,0.41149,0.41616,0.39468
0.22513,0.25549,0.27557,0.39234,0.46287,0.45072,0.41149,0.41616,0.39468,0.37926
0.25549,0.27557,0.39234,0.46287,0.45072,0.41149,0.41616,0.39468,0.37926,0.37739
0.27557,0.39234,0.46287,0.45072,0.41149,0.41616,0.39468,0.37926,0.37739,0.37879
0.39234,0.46287,0.45072,0.41149,0.41616,0.39468,0.37926,0.37739,0.37879,0.37366
0.46287,0.45072,0.41149,0.41616,0.39468,0.37926,0.37739,0.37879,0.37366,0.38066
0.45072,0.41149,0.41616,0.39468,0.37926,0.37739,0.37879,0.37366,0.38066,0.33489
0.41149,0.41616,0.39468,0.37926,0.37739,0.37879,0.37366,0.38066,0.33489,0.3872
0.41616,0.39468,0.37926,0.37739,0.37879,0.37366,0.38066,0.33489,0.3872,0.35451
0.39468,0.37926,0.37739,0.37879,0.37366,0.38066,0.33489,0.3872,0.35451,0.38627
0.37926,0.37739,0.37879,0.37366,0.38066,0.33489,0.3872,0.35451,0.38627,0.37506
0.37739,0.37879,0.37366,0.38066,0.33489,0.3872,0.35451,0.38627,0.37506,0.38113
0.37879,0.37366,0.38066,0.33489,0.3872,0.35451,0.38627,0.37506,0.38113,0.40028
0.37366,0.38066,0.33489,0.3872,0.35451,0.38627,0.37506,0.38113,0.40028,0.3447
0.38066,0.33489,0.3872,0.35451,0.38627,0.37506,0.38113,0.40028,0.3447,0.32742
0.33489,0.3872,0.35451,0.38627,0.37506,0.38113,0.40028,0.3447,0.32742,0.34703
0.3872,0.35451,0.38627,0.37506,0.38113,0.40028,0.3447,0.32742,0.34703,0.31901
0.35451,0.38627,0.37506,0.38113,0.40028,0.3447,0.32742,0.34703,0.31901,0.33162
0.38627,0.37506,0.38113,0.40028,0.3447,0.32742,0.34703,0.31901,0.33162,0.28538
0.37506,0.38113,0.40028,0.3447,0.32742,0.34703,0.31901,0.33162,0.28538,0.33442
0.38113,0.40028,0.3447,0.32742,0.34703,0.31901,0.33162,0.28538,0.33442,0.3419
0.40028,0.3447,0.32742,0.34703,0.31901,0.33162,0.28538,0.33442,0.3419,0.34844
0.3447,0.32742,0.34703,0.31901,0.33162,0.28538,0.33442,0.3419,0.34844,0.32929
0.32742,0.34703,0.31901,0.33162,0.28538,0.33442,0.3419,0.34844,0.32929,0.31107
0.34703,0.31901,0.33162,0.28538,0.33442,0.3419,0.34844,0.32929,0.31107,0.32321
0.31901,0.33162,0.28538,0.33442,0.3419,0.34844,0.32929,0.31107,0.32321,0.32742
0.33162,0.28538,0.33442,0.3419,0.34844,0.32929,0.31107,0.32321,0.32742,0.305
0.28538,0.33442,0.3419,0.34844,0.32929,0.31107,0.32321,0.32742,0.305,0.30687
0.33442,0.3419,0.34844,0.32929,0.31107,0.32321,0.32742,0.305,0.30687,0.31667
0.3419,0.34844,0.32929,0.31107,0.32321,0.32742,0.305,0.30687,0.31667,0.31481
0.34844,0.32929,0.31107,0.32321,0.32742,0.305,0.30687,0.31667,0.31481,0.30266
0.32929,0.31107,0.32321,0.32742,0.305,0.30687,0.31667,0.31481,0.30266,0.31014
0.31107,0.32321,0.32742,0.305,0.30687,0.31667,0.31481,0.30266,0.31014,0.32228
0.32321,0.32742,0.305,0.30687,0.31667,0.31481,0.30266,0.31014,0.32228,0.30406
0.32742,0.305,0.30687,0.31667,0.31481,0.30266,0.31014,0.32228,0.30406,0.30033
0.305,0.30687,0.31667,0.31481,0.30266,0.31014,0.32228,0.30406,0.30033,0.33816
0.30687,0.31667,0.31481,0.30266,0.31014,0.32228,0.30406,0.30033,0.33816,0.32882
0.31667,0.31481,0.30266,0.31014,0.32228,0.30406,0.30033,0.33816,0.32882,0.33255
0.31481,0.30266,0.31014,0.32228,0.30406,0.30033,0.33816,0.32882,0.33255,0.36759
0.30266,0.31014,0.32228,0.30406,0.30033,0.33816,0.32882,0.33255,0.36759,0.35731
0.31014,0.32228,0.30406,0.30033,0.33816,0.32882,0.33255,0.36759,0.35731,0.35544
0.32228,0.30406,0.30033,0.33816,0.32882,0.33255,0.36759,0.35731,0.35544,0.36432
0.30406,0.30033,0.33816,0.32882,0.33255,0.36759,0.35731,0.35544,0.36432,0.36385
0.30033,0.33816,0.32882,0.33255,0.36759,0.35731,0.35544,0.36432,0.36385,0.3802
0.33816,0.32882,0.33255,0.36759,0.35731,0.35544,0.36432,0.36385,0.3802,0.35731
0.32882,0.33255,0.36759,0.35731,0.35544,0.36432,0.36385,0.3802,0.35731,0.33396
0.33255,0.36759,0.35731,0.35544,0.36432,0.36385,0.3802,0.35731,0.33396,0.31387
0.36759,0.35731,0.35544,0.36432,0.36385,0.3802,0.35731,0.33396,0.31387,0.30406
0.35731,0.35544,0.36432,0.36385,0.3802,0.35731,0.33396,0.31387,0.30406,0.31014
0.35544,0.36432,0.36385,0.3802,0.35731,0.33396,0.31387,0.30406,0.31014,0.24521
0.36432,0.36385,0.3802,0.35731,0.33396,0.31387,0.30406,0.31014,0.24521,0.27884
0.36385,0.3802,0.35731,0.33396,0.31387,0.30406,0.31014,0.24521,0.27884,0.23727
0.3802,0.35731,0.33396,0.31387,0.30406,0.31014,0.24521,0.27884,0.23727,0.234
0.35731,0.33396,0.31387,0.30406,0.31014,0.24521,0.27884,0.23727,0.234,0.20411
0.33396,0.31387,0.30406,0.31014,0.24521,0.27884,0.23727,0.234,0.20411,0.17936
0.31387,0.30406,0.31014,0.24521,0.27884,0.23727,0.234,0.20411,0.17936,0.17842
0.30406,0.31014,0.24521,0.27884,0.23727,0.234,0.20411,0.17936,0.17842,0.19617
0.31014,0.24521,0.27884,0.23727,0.234,0.20411,0.17936,0.17842,0.19617,0.14619
0.24521,0.27884,0.23727,0.234,0.20411,0.17936,0.17842,0.19617,0.14619,0.15273
0.27884,0.23727,0.234,0.20411,0.17936,0.17842,0.19617,0.14619,0.15273,0.16721
0.23727,0.234,0.20411,0.17936,0.17842,0.19617,0.14619,0.15273,0.16721,0.16394
0.234,0.20411,0.17936,0.17842,0.19617,0.14619,0.15273,0.16721,0.16394,0.149
0.20411,0.17936,0.17842,0.19617,0.14619,0.15273,0.16721,0.16394,0.149,0.14246
0.17936,0.17842,0.19617,0.14619,0.15273,0.16721,0.16394,0.149,0.14246,0.13078
0.17842,0.19617,0.14619,0.15273,0.16721,0.16394,0.149,0.14246,0.13078,0.1121
0.19617,0.14619,0.15273,0.16721,0.16394,0.149,0.14246,0.13078,0.1121,0.10883
0.14619,0.15273,0.16721,0.16394,0.149,0.14246,0.13078,0.1121,0.10883,0.087809
0.15273,0.16721,0.16394,0.149,0.14246,0.13078,0.1121,0.10883,0.087809,0.081738
0.16721,0.16394,0.149,0.14246,0.13078,0.1121,0.10883,0.087809,0.081738,0.069594
0.16394,0.149,0.14246,0.13078,0.1121,0.10883,0.087809,0.081738,0.069594,0.066324
0.149,0.14246,0.13078,0.1121,0.10883,0.087809,0.081738,0.069594,0.066324,0.052779
0.14246,0.13078,0.1121,0.10883,0.087809,0.081738,0.069594,0.066324,0.052779,0.034096
0.13078,0.1121,0.10883,0.087809,0.081738,0.069594,0.066324,0.052779,0.034096,0.031294
0.1121,0.10883,0.087809,0.081738,0.069594,0.066324,0.052779,0.034096,0.031294,0.039701
0.10883,0.087809,0.081738,0.069594,0.066324,0.052779,0.034096,0.031294,0.039701,0.028491
0.087809,0.081738,0.069594,0.066324,0.052779,0.034096,0.031294,0.039701,0.028491,0.021952
0.081738,0.069594,0.066324,0.052779,0.034096,0.031294,0.039701,0.028491,0.021952,0.024755
0.069594,0.066324,0.052779,0.034096,0.031294,0.039701,0.028491,0.021952,0.024755,0.023354
0.066324,0.052779,0.034096,0.031294,0.039701,0.028491,0.021952,0.024755,0.023354,0.02709
0.052779,0.034096,0.031294,0.039701,0.028491,0.021952,0.024755,0.023354,0.02709,0.01915
0.034096,0.031294,0.039701,0.028491,0.021952,0.024755,0.023354,0.02709,0.01915,0.02709
0.031294,0.039701,0.028491,0.021952,0.024755,0.023354,0.02709,0.01915,0.02709,0.038767
0.039701,0.028491,0.021952,0.024755,0.023354,0.02709,0.01915,0.02709,0.038767,0.040168
0.028491,0.021952,0.024755,0.023354,0.02709,0.01915,0.02709,0.038767,0.040168,0.055114
0.021952,0.024755,0.023354,0.02709,0.01915,0.02709,0.038767,0.040168,0.055114,0.072863
0.024755,0.023354,0.02709,0.01915,0.02709,0.038767,0.040168,0.055114,0.072863,0.078001
0.023354,0.02709,0.01915,0.02709,0.038767,0.040168,0.055114,0.072863,0.078001,0.1191
0.02709,0.01915,0.02709,0.038767,0.040168,0.055114,0.072863,0.078001,0.1191,0.18543
0.01915,0.02709,0.038767,0.040168,0.055114,0.072863,0.078001,0.1191,0.18543,0.21579
0.02709,0.038767,0.040168,0.055114,0.072863,0.078001,0.1191,0.18543,0.21579,0.29986
0.038767,0.040168,0.055114,0.072863,0.078001,0.1191,0.18543,0.21579,0.29986,0.35824
0.040168,0.055114,0.072863,0.078001,0.1191,0.18543,0.21579,0.29986,0.35824,0.39047
0.055114,0.072863,0.078001,0.1191,0.18543,0.21579,0.29986,0.35824,0.39047,0.43858
0.072863,0.078001,0.1191,0.18543,0.21579,0.29986,0.35824,0.39047,0.43858,0.47875
0.078001,0.1191,0.18543,0.21579,0.29986,0.35824,0.39047,0.43858,0.47875,0.42036
0.1191,0.18543,0.21579,0.29986,0.35824,0.39047,0.43858,0.47875,0.42036,0.41803
0.18543,0.21579,0.29986,0.35824,0.39047,0.43858,0.47875,0.42036,0.41803,0.39608
0.21579,0.29986,0.35824,0.39047,0.43858,0.47875,0.42036,0.41803,0.39608,0.36945
0.29986,0.35824,0.39047,0.43858,0.47875,0.42036,0.41803,0.39608,0.36945,0.36105
0.35824,0.39047,0.43858,0.47875,0.42036,0.41803,0.39608,0.36945,0.36105,0.36338
0.39047,0.43858,0.47875,0.42036,0.41803,0.39608,0.36945,0.36105,0.36338,0.34376
0.43858,0.47875,0.42036,0.41803,0.39608,0.36945,0.36105,0.36338,0.34376,0.35124
0.47875,0.42036,0.41803,0.39608,0.36945,0.36105,0.36338,0.34376,0.35124,0.37786
0.42036,0.41803,0.39608,0.36945,0.36105,0.36338,0.34376,0.35124,0.37786,0.383
0.41803,0.39608,0.36945,0.36105,0.36338,0.34376,0.35124,0.37786,0.383,0.38113
0.39608,0.36945,0.36105,0.36338,0.34376,0.35124,0.37786,0.383,0.38113,0.37646
0.36945,0.36105,0.36338,0.34376,0.35124,0.37786,0.383,0.38113,0.37646,0.35684
0.36105,0.36338,0.34376,0.35124,0.37786,0.383,0.38113,0.37646,0.35684,0.39141
0.36338,0.34376,0.35124,0.37786,0.383,0.38113,0.37646,0.35684,0.39141,0.36291
0.34376,0.35124,0.37786,0.383,0.38113,0.37646,0.35684,0.39141,0.36291,0.37693
0.35124,0.37786,0.383,0.38113,0.37646,0.35684,0.39141,0.36291,0.37693,0.38206
0.37786,0.383,0.38113,0.37646,0.35684,0.39141,0.36291,0.37693,0.38206,0.35871
0.383,0.38113,0.37646,0.35684,0.39141,0.36291,0.37693,0.38206,0.35871,0.33442
0.38113,0.37646,0.35684,0.39141,0.36291,0.37693,0.38206,0.35871,0.33442,0.32461
0.37646,0.35684,0.39141,0.36291,0.37693,0.38206,0.35871,0.33442,0.32461,0.30406
0.35684,0.39141,0.36291,0.37693,0.38206,0.35871,0.33442,0.32461,0.30406,0.36759
0.39141,0.36291,0.37693,0.38206,0.35871,0.33442,0.32461,0.30406,0.36759,0.36432
0.36291,0.37693,0.38206,0.35871,0.33442,0.32461,0.30406,0.36759,0.36432,0.3489
0.37693,0.38206,0.35871,0.33442,0.32461,0.30406,0.36759,0.36432,0.3489,0.33909
0.38206,0.35871,0.33442,0.32461,0.30406,0.36759,0.36432,0.3489,0.33909,0.32742
0.35871,0.33442,0.32461,0.30406,0.36759,0.36432,0.3489,0.33909,0.32742,0.32882
0.33442,0.32461,0.30406,0.36759,0.36432,0.3489,0.33909,0.32742,0.32882,0.36011
0.32461,0.30406,0.36759,0.36432,0.3489,0.33909,0.32742,0.32882,0.36011,0.3064
0.30406,0.36759,0.36432,0.3489,0.33909,0.32742,0.32882,0.36011,0.3064,0.30967
0.36759,0.36432,0.3489,0.33909,0.32742,0.32882,0.36011,0.3064,0.30967,0.33302
0.36432,0.3489,0.33909,0.32742,0.32882,0.36011,0.3064,0.30967,0.33302,0.32602
0.3489,0.33909,0.32742,0.32882,0.36011,0.3064,0.30967,0.33302,0.32602,0.28491
0.33909,0.32742,0.32882,0.36011,0.3064,0.30967,0.33302,0.32602,0.28491,0.31294
0.32742,0.32882,0.36011,0.3064,0.30967,0.33302,0.32602,0.28491,0.31294,0.32508
0.32882,0.36011,0.3064,0.30967,0.33302,0.32602,0.28491,0.31294,0.32508,0.32788
0.36011,0.3064,0.30967,0.33302,0.32602,0.28491,0.31294,0.32508,0.32788,0.27511
0.3064,0.30967,0.33302,0.32602,0.28491,0.31294,0.32508,0.32788,0.27511,0.31107
0.30967,0.33302,0.32602,0.28491,0.31294,0.32508,0.32788,0.27511,0.31107,0.34657
0.33302,0.32602,0.28491,0.31294,0.32508,0.32788,0.27511,0.31107,0.34657,0.3503
0.32602,0.28491,0.31294,0.32508,0.32788,0.27511,0.31107,0.34657,0.3503,0.34143
0.28491,0.31294,0.32508,0.32788,0.27511,0.31107,0.34657,0.3503,0.34143,0.3461
0.31294,0.32508,0.32788,0.27511,0.31107,0.34657,0.3503,0.34143,0.3461,0.3489
0.32508,0.32788,0.27511,0.31107,0.34657,0.3503,0.34143,0.3461,0.3489,0.36899
0.32788,0.27511,0.31107,0.34657,0.3503,0.34143,0.3461,0.3489,0.36899,0.35311
0.27511,0.31107,0.34657,0.3503,0.34143,0.3461,0.3489,0.36899,0.35311,0.3517
0.31107,0.34657,0.3503,0.34143,0.3461,0.3489,0.36899,0.35311,0.3517,0.35217
0.34657,0.3503,0.34143,0.3461,0.3489,0.36899,0.35311,0.3517,0.35217,0.36618
0.3503,0.34143,0.3461,0.3489,0.36899,0.35311,0.3517,0.35217,0.36618,0.36011
0.34143,0.3461,0.3489,0.36899,0.35311,0.3517,0.35217,0.36618,0.36011,0.30453
0.3461,0.3489,0.36899,0.35311,0.3517,0.35217,0.36618,0.36011,0.30453,0.29799
0.3489,0.36899,0.35311,0.3517,0.35217,0.36618,0.36011,0.30453,0.29799,0.25502
0.36899,0.35311,0.3517,0.35217,0.36618,0.36011,0.30453,0.29799,0.25502,0.27184
0.35311,0.3517,0.35217,0.36618,0.36011,0.30453,0.29799,0.25502,0.27184,0.2256
0.3517,0.35217,0.36618,0.36011,0.30453,0.29799,0.25502,0.27184,0.2256,0.25222
0.35217,0.36618,0.36011,0.30453,0.29799,0.25502,0.27184,0.2256,0.25222,0.20598
0.36618,0.36011,0.30453,0.29799,0.25502,0.27184,0.2256,0.25222,0.20598,0.18356
0.36011,0.30453,0.29799,0.25502,0.27184,0.2256,0.25222,0.20598,0.18356,0.20411
0.30453,0.29799,0.25502,0.27184,0.2256,0.25222,0.20598,0.18356,0.20411,0.1929
0.29799,0.25502,0.27184,0.2256,0.25222,0.20598,0.18356,0.20411,0.1929,0.16534
0.25502,0.27184,0.2256,0.25222,0.20598,0.18356,0.20411,0.1929,0.16534,0.18403
0.27184,0.2256,0.25222,0.20598,0.18356,0.20411,0.1929,0.16534,0.18403,0.19337
0.2256,0.25222,0.20598,0.18356,0.20411,0.1929,0.16534,0.18403,0.19337,0.17422
0.25222,0.20598,0.18356,0.20411,0.1929,0.16534,0.18403,0.19337,0.17422,0.17188
0.20598,0.18356,0.20411,0.1929,0.16534,0.18403,0.19337,0.17422,0.17188,0.16348
0.18356,0.20411,0.1929,0.16534,0.18403,0.19337,0.17422,0.17188,0.16348,0.11817
0.20411,0.1929,0.16534,0.18403,0.19337,0.17422,0.17188,0.16348,0.11817,0.13919
0.1929,0.16534,0.18403,0.19337,0.17422,0.17188,0.16348,0.11817,0.13919,0.10836
0.16534,0.18403,0.19337,0.17422,0.17188,0.16348,0.11817,0.13919,0.10836,0.077534
0.18403,0.19337,0.17422,0.17188,0.16348,0.11817,0.13919,0.10836,0.077534,0.065857
0.19337,0.17422,0.17188,0.16348,0.11817,0.13919,0.10836,0.077534,0.065857,0.075666
0.17422,0.17188,0.16348,0.11817,0.13919,0.10836,0.077534,0.065857,0.075666,0.054647
0.17188,0.16348,0.11817,0.13919,0.10836,0.077534,0.065857,0.075666,0.054647,0.057917
0.16348,0.11817,0.13919,0.10836,0.077534,0.065857,0.075666,0.054647,0.057917,0.045773
0.11817,0.13919,0.10836,0.077534,0.065857,0.075666,0.054647,0.057917,0.045773,0.040168
0.13919,0.10836,0.077534,0.065857,0.075666,0.054647,0.057917,0.045773,0.040168,0.028491
0.10836,0.077534,0.065857,0.075666,0.054647,0.057917,0.045773,0.040168,0.028491,0.01915
0.077534,0.065857,0.075666,0.054647,0.057917,0.045773,0.040168,0.028491,0.01915,0.028958
0.065857,0.075666,0.054647,0.057917,0.045773,0.040168,0.028491,0.01915,0.028958,0.022887
0.075666,0.054647,0.057917,0.045773,0.040168,0.028491,0.01915,0.028958,0.022887,0.020551
0.054647,0.057917,0.045773,0.040168,0.028491,0.01915,0.028958,0.022887,0.020551,0.027557
0.057917,0.045773,0.040168,0.028491,0.01915,0.028958,0.022887,0.020551,0.027557,0.039234
0.045773,0.040168,0.028491,0.01915,0.028958,0.022887,0.020551,0.027557,0.039234,0.038767
0.040168,0.028491,0.01915,0.028958,0.022887,0.020551,0.027557,0.039234,0.038767,0.032228
0.028491,0.01915,0.028958,0.022887,0.020551,0.027557,0.039234,0.038767,0.032228,0.045773
0.01915,0.028958,0.022887,0.020551,0.027557,0.039234,0.038767,0.032228,0.045773,0.062588
0.028958,0.022887,0.020551,0.027557,0.039234,0.038767,0.032228,0.045773,0.062588,0.068192
0.022887,0.020551,0.027557,0.039234,0.038767,0.032228,0.045773,0.062588,0.068192,0.083606
0.020551,0.027557,0.039234,0.038767,0.032228,0.045773,0.062588,0.068192,0.083606,0.092947
0.027557,0.039234,0.038767,0.032228,0.045773,0.062588,0.068192,0.083606,0.092947,0.18076
0.039234,0.038767,0.032228,0.045773,0.062588,0.068192,0.083606,0.092947,0.18076,0.2312
0.038767,0.032228,0.045773,0.062588,0.068192,0.083606,0.092947,0.18076,0.2312,0.27324
0.032228,0.045773,0.062588,0.068192,0.083606,0.092947,0.18076,0.2312,0.27324,0.29986
0.045773,0.062588,0.068192,0.083606,0.092947,0.18076,0.2312,0.27324,0.29986,0.42177
0.062588,0.068192,0.083606,0.092947,0.18076,0.2312,0.27324,0.29986,0.42177,0.48015
0.068192,0.083606,0.092947,0.18076,0.2312,0.27324,0.29986,0.42177,0.48015,0.44605
0.083606,0.092947,0.18076,0.2312,0.27324,0.29986,0.42177,0.48015,0.44605,0.41943
0.092947,0.18076,0.2312,0.27324,0.29986,0.42177,0.48015,0.44605,0.41943,0.38253
0.18076,0.2312,0.27324,0.29986,0.42177,0.48015,0.44605,0.41943,0.38253,0.36478
0.2312,0.27324,0.29986,0.42177,0.48015,0.44605,0.41943,0.38253,0.36478,0.33582
0.27324,0.29986,0.42177,0.48015,0.44605,0.41943,0.38253,0.36478,0.33582,0.35217
0.29986,0.42177,0.48015,0.44605,0.41943,0.38253,0.36478,0.33582,0.35217,0.32788
0.42177,0.48015,0.44605,0.41943,0.38253,0.36478,0.33582,0.35217,0.32788,0.27978
0.48015,0.44605,0.41943,0.38253,0.36478,0.33582,0.35217,0.32788,0.27978,0.30827
0.44605,0.41943,0.38253,0.36478,0.33582,0.35217,0.32788,0.27978,0.30827,0.27511
0.41943,0.38253,0.36478,0.33582,0.35217,0.32788,0.27978,0.30827,0.27511,0.33816
0.38253,0.36478,0.33582,0.35217,0.32788,0.27978,0.30827,0.27511,0.33816,0.30173
0.36478,0.33582,0.35217,0.32788,0.27978,0.30827,0.27511,0.33816,0.30173,0.36572
0.33582,0.35217,0.32788,0.27978,0.30827,0.27511,0.33816,0.30173,0.36572,0.36245
0.35217,0.32788,0.27978,0.30827,0.27511,0.33816,0.30173,0.36572,0.36245,0.41009
0.32788,0.27978,0.30827,0.27511,0.33816,0.30173,0.36572,0.36245,0.41009,0.38253
0.27978,0.30827,0.27511,0.33816,0.30173,0.36572,0.36245,0.41009,0.38253,0.36058
0.30827,0.27511,0.33816,0.30173,0.36572,0.36245,0.41009,0.38253,0.36058,0.36852
0.27511,0.33816,0.30173,0.36572,0.36245,0.41009,0.38253,0.36058,0.36852,0.35124
0.33816,0.30173,0.36572,0.36245,0.41009,0.38253,0.36058,0.36852,0.35124,0.33255
0.30173,0.36572,0.36245,0.41009,0.38253,0.36058,0.36852,0.35124,0.33255,0.3517
0.36572,0.36245,0.41009,0.38253,0.36058,0.36852,0.35124,0.33255,0.3517,0.33396
0.36245,0.41009,0.38253,0.36058,0.36852,0.35124,0.33255,0.3517,0.33396,0.36058
0.41009,0.38253,0.36058,0.36852,0.35124,0.33255,0.3517,0.33396,0.36058,0.35217
0.38253,0.36058,0.36852,0.35124,0.33255,0.3517,0.33396,0.36058,0.35217,0.35311
0.36058,0.36852,0.35124,0.33255,0.3517,0.33396,0.36058,0.35217,0.35311,0.32135
0.36852,0.35124,0.33255,0.3517,0.33396,0.36058,0.35217,0.35311,0.32135,0.33536
0.35124,0.33255,0.3517,0.33396,0.36058,0.35217,0.35311,0.32135,0.33536,0.33302
0.33255,0.3517,0.33396,0.36058,0.35217,0.35311,0.32135,0.33536,0.33302,0.30266
0.3517,0.33396,0.36058,0.35217,0.35311,0.32135,0.33536,0.33302,0.30266,0.31527
0.33396,0.36058,0.35217,0.35311,0.32135,0.33536,0.33302,0.30266,0.31527,0.34003
0.36058,0.35217,0.35311,0.32135,0.33536,0.33302,0.30266,0.31527,0.34003,0.31387
0.35217,0.35311,0.32135,0.33536,0.33302,0.30266,0.31527,0.34003,0.31387,0.31854
0.35311,0.32135,0.33536,0.33302,0.30266,0.31527,0.34003,0.31387,0.31854,0.31434
0.32135,0.33536,0.33302,0.30266,0.31527,0.34003,0.31387,0.31854,0.31434,0.33956
0.33536,0.33302,0.30266,0.31527,0.34003,0.31387,0.31854,0.31434,0.33956,0.35824
0.33302,0.30266,0.31527,0.34003,0.31387,0.31854,0.31434,0.33956,0.35824,0.32695
0.30266,0.31527,0.34003,0.31387,0.31854,0.31434,0.33956,0.35824,0.32695,0.31761
0.31527,0.34003,0.31387,0.31854,0.31434,0.33956,0.35824,0.32695,0.31761,0.3106
0.34003,0.31387,0.31854,0.31434,0.33956,0.35824,0.32695,0.31761,0.3106,0.34797
0.31387,0.31854,0.31434,0.33956,0.35824,0.32695,0.31761,0.3106,0.34797,0.33676
0.31854,0.31434,0.33956,0.35824,0.32695,0.31761,0.3106,0.34797,0.33676,0.36759
0.31434,0.33956,0.35824,0.32695,0.31761,0.3106,0.34797,0.33676,0.36759,0.3844
0.33956,0.35824,0.32695,0.31761,0.3106,0.34797,0.33676,0.36759,0.3844,0.40682
0.35824,0.32695,0.31761,0.3106,0.34797,0.33676,0.36759,0.3844,0.40682,0.40635
0.32695,0.31761,0.3106,0.34797,0.33676,0.36759,0.3844,0.40682,0.40635,0.35544
0.31761,0.3106,0.34797,0.33676,0.36759,0.3844,0.40682,0.40635,0.35544,0.38487
0.3106,0.34797,0.33676,0.36759,0.3844,0.40682,0.40635,0.35544,0.38487,0.3872
0.34797,0.33676,0.36759,0.3844,0.40682,0.40635,0.35544,0.38487,0.3872,0.35404
0.33676,0.36759,0.3844,0.40682,0.40635,0.35544,0.38487,0.3872,0.35404,0.3405
0.36759,0.3844,0.40682,0.40635,0.35544,0.38487,0.3872,0.35404,0.3405,0.32835
0.3844,0.40682,0.40635,0.35544,0.38487,0.3872,0.35404,0.3405,0.32835,0.31574
0.40682,0.40635,0.35544,0.38487,0.3872,0.35404,0.3405,0.32835,0.31574,0.28585
0.40635,0.35544,0.38487,0.3872,0.35404,0.3405,0.32835,0.31574,0.28585,0.26857
0.35544,0.38487,0.3872,0.35404,0.3405,0.32835,0.31574,0.28585,0.26857,0.2681
0.38487,0.3872,0.35404,0.3405,0.32835,0.31574,0.28585,0.26857,0.2681,0.23681
0.3872,0.35404,0.3405,0.32835,0.31574,0.28585,0.26857,0.2681,0.23681,0.2298
0.35404,0.3405,0.32835,0.31574,0.28585,0.26857,0.2681,0.23681,0.2298,0.21205
